"","log","groups"
"AGG87191",-13.0557999061614,1
"AGG87192",4.47083397551015,2
"AGG87193",-13.9705898247593,1
"AGG87194",-13.9705898247593,1
"AGG87196",-13.0557999061614,1
"AGG87202",3.20604782136711,2
"AGG87208",1.57122357935332,2
"AGG87209",-18.0223671444986,1
"AGG87211",-14.7472498604366,1
"AGG87218",-11.6895390503412,1
"AGG87219",0.625405070332024,2
"AGG87231",-18.0223671444986,1
"AGG87232",-16.4578218804523,1
"AGG87233",-16.3435126487359,1
"AGG87234",-6.89191601523496,2
"AGG87239",-13.9705898247593,1
"AGG87241",-13.9705898247593,1
"AGG87243",-18.0223671444986,1
"AGG87244",-14.8511855673559,1
"AGG87248",-18.0223671444986,1
"AGG87250",-18.0223671444986,1
"AGG87252",-18.0223671444986,1
"AGG87254",-18.0223671444986,1
"AGG87256",-13.9705898247593,1
"AGG87257",1.93089374014313,2
"AGG87263",0.62901653953829,2
"AGG87264",4.60874400059646,2
"AGG87265",-18.0223671444986,1
"AGG87266",-18.0223671444986,1
"AGG87269",-17.2139895845684,1
"AGG87271",-18.0223671444986,1
"AGG87288",-18.0223671444986,1
"AGG87289",-18.0223671444986,1
"AGG87293",-18.0223671444986,1
"AGG87294",-18.0223671444986,1
"AGG87298",-18.0223671444986,1
"AGG87300",-18.0223671444986,1
"AGG87302",-13.0557999061614,1
"AGG87303",-18.0223671444986,1
"AGG87305",-18.0223671444986,1
"AGG87317",-18.0223671444986,1
"AGG87319",-18.0223671444986,1
"AGG87320",-18.0223671444986,1
"AGG87321",-14.7789673846896,1
"AGG87322",-13.9705898247593,1
"AGG87323",-13.9705898247593,1
"AGG87326",-16.4578218804523,1
"AGG87327",-16.4578218804523,1
"AGG87328",-16.4578218804523,1
"AGG87329",1.39041368712956,2
"AGG87337",-18.0223671444986,1
"AGG87342",-8.40612771117608,2
"AGG87343",-14.7789673846896,1
"AGG87344",-1.09776240819615,2
"AGG87348",-14.7789673846896,1
"AGG87350",-18.0223671444986,1
"AGG87353",-6.02134759170227,2
"AGG87354",-8.4242805840906,1
"AGG87356",-18.0223671444986,1
"AGG87358",-15.6494443205221,1
"AGG87359",-18.0223671444986,1
"AGG87363",-13.8767729246041,1
"AGG87367",-5.96458744002639,2
"AGG87368",-18.0223671444986,1
"AGG87369",-18.0223671444986,1
"AGG87371",-18.0223671444986,1
"AGG87372",-18.0223671444986,1
"AGG87377",-18.0223671444986,1
"AGG87382",-14.641051571212,1
"AGG87387",-18.0223671444986,1
"AGG87389",2.63516284995976,2
"AGG87392",-18.0223671444986,1
"AGG87394",-18.0223671444986,1
"AGG87396",-18.0223671444986,1
"AGG87397",-18.0223671444986,1
"AGG87398",-18.0223671444986,1
"AGG87399",-18.0223671444986,1
"AGG87400",-18.0223671444986,1
"AGG87402",-16.9542198005917,1
"AGG87413",-13.9705898247593,1
"AGG87416",-18.0223671444986,1
"AGG87417",-18.0223671444986,1
"AGG87418",-17.1201726844131,1
"AGG87420",-15.9086344636518,1
"AGG87423",-9.44461092273183,1
"AGG87427",-13.9705898247593,1
"AGG87429",-18.0223671444986,1
"AGG87430",-0.709754099441165,2
"AGG87435",-18.0223671444986,1
"AGG87445",-13.9705898247593,1
"AGG87447",-14.7789673846896,1
"AGG87448",-14.7789673846896,1
"AGG87449",0.625405070332024,2
"AGG87450",-14.7789673846896,1
"AGG87452",4.12765825532494,2
"AGG87454",2.20593588286026,2
"AGG87458",-4.3389492561049,2
"AGG87459",2.63516284995976,2
"AGG87461",-11.7380464393439,1
"AGG87463",2.97906275194332,2
"AGG87464",-13.8641774660917,1
"AGG87467",-18.0223671444986,1
"AGG87472",2.82284432861149,2
"AGG87473",3.36327065596792,2
"AGG87474",-0.182972489598226,2
"AGG87476",-18.0223671444986,1
"AGG87490",-18.0223671444986,1
"AGG87491",-18.0223671444986,1
"AGG87494",-1.10259986155562,2
"AGG87500",-14.7789673846896,1
"AGG87506",2.37983452008592,2
"AGG87508",0.66290408757723,2
"AGG87516",3.93040764815373,2
"AGG87519",-12.8397272667441,1
"AGG87520",-16.3435126487359,1
"AGG87524",-18.0223671444986,1
"AGG87525",-14.7789673846896,1
"AGG87526",-13.0557999061614,1
"AGG87541",-14.7789673846896,1
"AGG87547",1.52759953041753,2
"AGG87549",-18.0223671444986,1
"AGG87550",-15.8477287287482,1
"AGG87552",0.581311945400975,2
"AGG87558",1.52759953041753,2
"AGG87568",-12.7576863942482,1
"AGG87569",-13.0557999061614,1
"AGG87570",-9.92981659420056,1
"AGG87581",-13.0683953646738,1
"AGG87585",-12.9128325698812,1
"AGG87586",-15.927234369787,1
"AGG87587",-18.0223671444986,1
"AGG87588",-3.6293718432369,2
"AGG87590",-18.0223671444986,1
"AGG87591",-18.0223671444986,1
"AGG87592",-18.0223671444986,1
"AGG87594",-18.0223671444986,1
"AGG87595",-18.0223671444986,1
"AGG87596",-18.0223671444986,1
"AGG87600",-16.913755260033,1
"AGG87601",-18.0223671444986,1
"AGG87602",-18.0223671444986,1
"AGG87604",-16.4578218804523,1
"AGG87606",-18.0223671444986,1
"AGG87607",-18.0223671444986,1
"AGG87612",-18.0223671444986,1
"AGG87619",-16.3435126487359,1
"AGG87623",-6.2390986923597,2
"AGG87624",-18.0223671444986,1
"AGG87626",-18.0223671444986,1
"AGG87630",-7.55705734927199,2
"AGG87634",-6.28786395554262,2
"AGG87635",-12.9024424808524,1
"AGG87638",-15.956219698048,1
"AGG87642",-18.0223671444986,1
"AGG87651",-13.0192449285489,1
"AGG87656",-16.9542198005917,1
"AGG87658",-18.0223671444986,1
"AGG87660",-18.0223671444986,1
"AGG87664",-18.0223671444986,1
"AGG87669",-18.0223671444986,1
"AGG87674",-18.0223671444986,1
"AGG87675",-18.0223671444986,1
"AGG87677",-18.0223671444986,1
"AGG87678",3.50118068105422,2
"AGG87679",-16.4578218804523,1
"AGG87685",-13.9705898247593,1
"AGG87689",-18.0223671444986,1
"AGG87692",-14.7789673846896,1
"AGG87693",-16.4578218804523,1
"AGG87694",-16.4578218804523,1
"AGG87696",-2.63701361373333,2
"AGG87702",-0.182972489598226,2
"AGG87703",-0.182972489598226,2
"AGG87713",-18.0223671444986,1
"AGG87719",-15.5351350888056,1
"AGG87720",1.52759953041753,2
"AGG87721",-13.9705898247593,1
"AGG87722",1.52759953041753,2
"AGG87724",-13.6703555002239,1
"AGG87725",-14.7789673846896,1
"AGG87730",0.71922197048728,2
"AGG87734",1.52759953041753,2
"AGG87738",-18.0223671444986,1
"AGG87745",-18.0223671444986,1
"AGG87746",-17.0172463481174,1
"AGG87747",-18.0223671444986,1
"AGG87748",-18.0223671444986,1
"AGG87749",-17.0172463481174,1
"AGG87750",-18.0223671444986,1
"AGG87751",-17.0172463481174,1
"AGG87752",-17.0172463481174,1
"AGG87753",-18.0223671444986,1
"AGG87754",-1.07496156566711,2
"AGG87759",-4.73971504685409,2
"AGG87760",-14.7789673846896,1
"AGG87762",-1.45246589600662,2
"AGG87765",-16.9542198005917,1
"AGG87766",-14.7789673846896,1
"AGG87771",-14.7789673846896,1
"AGG87772",-5.31207305813075,2
"AGG87775",-13.9705898247593,1
"AGG87778",-18.0223671444986,1
"AGG87783",1.52759953041753,2
"AGG87787",-16.3435126487359,1
"AGG87789",-9.6357288235055,1
"AGG87790",-18.0223671444986,1
"AGG87791",-18.0223671444986,1
"AGG87797",-11.9124825744407,1
"AGG87804",-0.951735652226669,2
"AGG87805",-11.8713122046167,1
"AGG87806",-18.0223671444986,1
"AGG87808",-18.0223671444986,1
"AGG87818",-13.9705898247593,1
"AGG87827",-12.1177680712437,1
"AGG87831",-11.0091561867781,1
"AGG87835",-11.0091561867781,1
"AGG87843",-11.0091561867781,1
"AGG87848",-8.63623336280159,1
"AGG87849",-1.09776240819615,2
"AGG87859",-16.3435126487359,1
"AGG87860",-12.6043289689392,1
"AGG87861",-14.7789673846896,1
"AGG87862",-13.7108200407826,1
"AGG87864",-13.8641774660917,1
"AGG87867",-3.16172240386375,2
"AGG87868",-13.9705898247593,1
"AGG87869",2.00868527568905,2
"AGG87871",4.66249913982421,2
"AGG87886",-13.9705898247593,1
"AGG87888",0.576254634207119,2
"AGG87892",-16.3435126487359,1
"AGG87894",-18.0223671444986,1
"AGG87897",-18.0223671444986,1
"AGG87899",-13.9705898247593,1
"AGG87900",1.52759953041753,2
"AGG87906",-18.0223671444986,1
"AGG87909",-9.86712597125394,1
"AGG87910",-18.0223671444986,1
"AGG87918",3.50118068105422,2
"AGG87921",-13.9705898247593,1
"AGG87928",2.2061319329953,2
"AGG87930",-4.12699160766683,2
"AGG87936",-18.0223671444986,1
"AGG87937",3.36327065596792,2
"AGG87941",1.52759953041753,2
"AGG87953",-14.7789673846896,1
"AGG87954",-14.7789673846896,1
"AGG87956",-13.7108200407826,1
"AGG87961",-13.1213727631749,1
"AGG87968",-14.7789673846896,1
"AGG87972",-14.7789673846896,1
"AGG87980",-18.0223671444986,1
"AGG87983",-5.6910599430645,2
"AGG87989",-13.9705898247593,1
"AGG87990",-13.0557999061614,1
"AGG87993",1.38968950533122,2
"AGG87994",-14.7789673846896,1
"AGG87996",0.459452186510593,2
"AGG87997",-13.0626138716816,1
"AGG88009",-13.9705898247593,1
"AGG88012",2.20593588286026,2
"AGG88023",1.53338102340972,2
"AGG88024",-6.51244957663871,2
"AGG88027",-14.319972027682,1
"AGG88028",-18.0223671444986,1
"AGG88031",-18.0223671444986,1
"AGG88041",-13.9705898247593,1
"AGG88044",1.52759953041753,2
"AGG88048",-18.0223671444986,1
"AGG88049",-2.98310347403827,2
"AGG88055",-13.2922534723166,1
"AGG88056",-0.525952457520641,2
"AGG88062",2.20384855825367,2
"AGG88066",-8.61844654887542,1
"AGG88067",-1.54923334541841,2
"AGG88068",-18.0223671444986,1
"AGG88069",-0.522374703747071,2
"AGG88070",1.30374142277475,2
"AGG88072",-18.0223671444986,1
"AGG88074",-18.0223671444986,1
"AGG88076",-18.0223671444986,1
"AGG88077",-18.0223671444986,1
"AGG88078",-18.0223671444986,1
"AGG88079",-18.0223671444986,1
"AGG88080",-18.0223671444986,1
"AGG88081",-15.6494443205221,1
"AGG88083",-18.0223671444986,1
"AGG88084",-18.0223671444986,1
"AGG88091",-18.0223671444986,1
"AGG88093",-1.61080354408937,2
"AGG88095",-18.0223671444986,1
"AGG88099",-14.7789673846896,1
"AGG88101",-18.0223671444986,1
"AGG88105",-13.9705898247593,1
"AGG88109",4.47083397551015,2
"AGG88110",0.396736972402331,2
"AGG88118",-14.7789673846896,1
"AGG88121",-13.0557999061614,1
"AGG88122",4.47083397551015,2
"AGG88123",4.57916745077219,2
"AGG88125",1.52759953041753,2
"AGG88126",4.38750228645814,2
"AGG88128",4.47083397551015,2
"AGG88129",4.59569934505996,2
"AGG88131",4.59569934505996,2
"AGG88133",4.59569934505996,2
"AGG88135",1.52759953041753,2
"AGG88141",4.48736586979792,2
"AGG88144",4.59569934505996,2
"AGG88146",4.59569934505996,2
"AGG88147",4.60874400059646,2
"AGG88148",4.47083397551015,2
"AGG88155",4.38750228645814,2
"AGG88172",-11.8883823705337,1
"AGG88179",-10.7806894980922,1
"AGG88182",0.45279709434712,2
"AGG88189",1.52759953041753,2
"AGG88190",-13.0557999061614,1
"AGG88200",-13.9705898247593,1
"AGG88202",-7.21595849281954,2
"AGG88204",4.47083397551015,2
"AGG88208",1.52759953041753,2
"AGG88210",3.3114118777959,2
"AGG88211",2.43410558484603,2
"AGG88213",3.44932190288221,2
"AGG88215",-16.4578218804523,1
"AGG88216",1.52759953041753,2
"AGG88218",-11.5981305925098,1
"AGG88223",-4.88871850873287,2
"AGG88229",1.88730714489052,2
"AGG88242",-18.0223671444986,1
"AGG88247",-18.0223671444986,1
"AGG88248",-11.5283322366943,1
"AGG88249",-11.5283322366943,1
"AGG88259",-14.7789673846896,1
"AGG88267",-13.0557999061614,1
"AGG88268",-13.354715180063,1
"AGG88269",-13.0557999061614,1
"AGG88275",-18.0223671444986,1
"AGG88278",-18.0223671444986,1
"AGG88281",-18.0223671444986,1
"AGG88283",-17.0172463481174,1
"AGG88285",-14.7789673846896,1
"AGG88286",-13.9705898247593,1
"AGG88289",4.60874400059646,2
"AGG88293",-13.9705898247593,1
"AGG88306",-14.7789673846896,1
"AGG88317",-12.6043289689392,1
"AGG88318",-16.4578218804523,1
"AGG88327",-18.0223671444986,1
"AGG88330",-3.60887687339943,2
"AGG88331",-9.81918487722433,1
"AGG88333",2.8821849106964,2
"AGG88336",-9.05106765320906,1
"AGG88344",1.87077525060275,2
"AGG88353",-18.0223671444986,1
"AGG88373",-14.7789673846896,1
"AGG88375",1.82678529002951,2
"AGG88384",-10.7381941541308,1
"AGG88387",0.576254634207119,2
"AGG88390",-2.70699566600895,2
"AGG88392",1.87077525060275,2
"AGG88399",-18.0223671444986,1
"AGG88402",-17.1075772259007,1
"AGG88404",-17.1075772259007,1
"AGG88407",-16.4578218804523,1
"AGG88408",-17.0020368058574,1
"AGG88410",-18.0223671444986,1
"AGG88411",-18.0223671444986,1
"AGG88412",-18.0223671444986,1
"AGG88413",-13.0557999061614,1
"AGG88420",1.52759953041753,2
"AGG88423",-9.44461092273183,1
"AGG88428",-6.28786395554262,2
"AGG88429",-14.7789673846896,1
"AGG88430",2.34175858333997,2
"AGG88438",-18.0223671444986,1
"AGG88439",-18.0223671444986,1
"AGG88440",3.44932190288221,2
"AGG88441",-18.0223671444986,1
"AGG88445",-16.3435126487359,1
"AGG88446",-16.3435126487359,1
"AGG88447",-11.2068144908181,1
"AGG88450",-18.0223671444986,1
"AGG88451",-18.0223671444986,1
"AGG88455",-2.46053724164432,2
"AGG88456",-14.7789673846896,1
"AGG88462",-3.89789339263619,2
"AGG88463",-4.91822373127743,2
"AGG88467",-18.0223671444986,1
"AGG88468",1.52759953041753,2
"AGG88469",-16.3435126487359,1
"AGG88470",-13.7041649486192,1
"AGG88473",-16.3435126487359,1
"AGG88477",2.50303431786565,2
"AGG88482",-11.802479712039,1
"AGG88484",1.52759953041753,2
"AGG88488",-14.7789673846896,1
"AGG88490",1.52759953041753,2
"AGG88491",-16.3435126487359,1
"AGG88502",2.89030316298192,2
"AGG88503",-0.623593366238902,2
"AGG88509",0.71922197048728,2
"AGG88511",-14.6203451702077,1
"AGG88513",-16.4578218804523,1
"AGG88515",1.52759953041753,2
"AGG88516",2.00868527568905,2
"AGG88517",-3.59488582203153,2
"AGG88524",-18.0223671444986,1
"AGG88527",1.52759953041753,2
"AGG88530",-0.325939825878387,2
"AGG88531",-15.5556274203668,1
"AGG88534",3.36327065596792,2
"AGG88535",-18.0223671444986,1
"AGG88538",-16.3435126487359,1
"AGG88542",-3.75315669334568,2
"AGG88549",-1.05991985225255,2
"AGG88550",-14.5280981595538,1
"AGG88553",-14.7789673846896,1
"AGG88554",0.475623768531637,2
"AGG88555",-15.9962198122178,1
"AGG88558",-9.82408445444054,1
"AGG88560",-15.8477287287482,1
"AGG88563",-8.82970087553405,1
"AGG88564",-6.45169602674191,2
"AGG88567",-15.5351350888056,1
"AGG88575",-10.7381941541308,1
"AGG88576",1.52759953041753,2
"AGG88587",2.20593588286026,2
"AGG88588",0.71922197048728,2
"AGG88603",-18.0223671444986,1
"AGG88604",0.71922197048728,2
"AGG88605",2.49725282487346,2
"AGG88611",1.52759953041753,2
"AGG88612",2.49725282487346,2
"AGG88613",2.49725282487346,2
"AGG88615",2.49725282487346,2
"AGG88617",1.52759953041753,2
"AGG88626",-16.4578218804523,1
"AGG88635",1.53338102340972,2
"AGG88645",0.0342480163663625,2
"AGG88651",-14.7789673846896,1
"AGG88652",4.47083397551015,2
"AGG88655",-16.4578218804523,1
"AGG88658",-18.0223671444986,1
"AGG88661",1.56701550605283,2
"AGG88668",-14.7789673846896,1
"AGG88671",2.87659946783924,2
"AGG88681",-13.9705898247593,1
"AGG88685",-2.72221799457295,2
"AGG88687",0.683057529426445,2
"AGG88690",3.80036644066621,2
"AGG88694",-18.0223671444986,1
"AGG88696",1.49084106126284,2
"AGG88708",-18.0223671444986,1
"AGG88709",-2.62627855364642,2
"AGG88713",-16.2196591390537,1
"AGG88715",-18.0223671444986,1
"AGG88716",-18.0223671444986,1
"AGG88721",-16.3435126487359,1
"AGG88729",3.07724168638233,2
"AGG88730",-11.4967656493969,1
"AGG88733",1.52759953041753,2
"AGG88736",-2.37416548728985,2
"AGG88737",1.52759953041753,2
"AGG88738",4.54194420583222,2
"AGG88740",0.93388283961864,2
"AGG88747",2.82284432861149,2
"AGG88752",2.34175858333997,2
"AGG88756",2.34175858333997,2
"AGG88757",1.52759953041753,2
"AGG88758",1.73296838987426,2
"AGG88760",-18.0223671444986,1
"AGG88761",-18.0223671444986,1
"AGG88763",-18.0223671444986,1
"AGG88764",-18.0223671444986,1
"AGG88765",-18.0223671444986,1
"AGG88767",-18.0223671444986,1
"AGG88772",-14.7789673846896,1
"AGG88773",1.52759953041753,2
"AGG88774",-14.7789673846896,1
"AGG88776",-18.0223671444986,1
"AGG88778",-18.0223671444986,1
"AGG88779",-18.0223671444986,1
"AGG88780",-18.0223671444986,1
"AGG88782",-18.0223671444986,1
"AGG88783",-18.0223671444986,1
"AGG88784",-16.8710096166459,1
"AGG88785",-18.0223671444986,1
"AGG88786",-18.0223671444986,1
"AGG88787",-18.0223671444986,1
"AGG88788",-18.0223671444986,1
"AGG88789",-18.0223671444986,1
"AGG88790",-18.0223671444986,1
"AGG88791",-18.0223671444986,1
"AGG88792",-18.0223671444986,1
"AGG88793",-18.0223671444986,1
"AGG88794",-18.0223671444986,1
"AGG88800",-16.3435126487359,1
"AGG88801",3.79249762306742,2
"AGG88805",1.52759953041753,2
"AGG88806",-12.9024424808524,1
"AGG88808",-16.9579190594715,1
"AGG88814",-16.3435126487359,1
"AGG88815",-18.0223671444986,1
"AGG88817",-18.0223671444986,1
"AGG88819",-18.0223671444986,1
"AGG88821",-18.0223671444986,1
"AGG88822",2.00868527568905,2
"AGG88824",-18.0223671444986,1
"AGG88828",-18.0223671444986,1
"AGG88835",-18.0223671444986,1
"AGG88836",-18.0223671444986,1
"AGG88837",-17.1201726844131,1
"AGG88838",-18.0223671444986,1
"AGG88839",-18.0223671444986,1
"AGG88840",-16.8745873704195,1
"AGG88841",-18.0223671444986,1
"AGG88843",-18.0223671444986,1
"AGG88844",-16.3435126487359,1
"AGG88846",-18.0223671444986,1
"AGG88847",-6.45169602674191,2
"AGG88848",-18.0223671444986,1
"AGG88849",-16.3435126487359,1
"AGG88850",-15.4287227301379,1
"AGG88851",-10.5284781383754,1
"AGG88852",-16.3435126487359,1
"AGG88853",-18.0223671444986,1
"AGG88855",-16.8915045864834,1
"AGG88856",-16.8915045864834,1
"AGG88859",-18.0223671444986,1
"AGG88860",-17.1075772259007,1
"AGG88861",-9.82408445444054,1
"AGG88862",-15.7232298425668,1
"AGG88864",-4.74408211814954,2
"AGG88865",-18.0223671444986,1
"AGG88866",-18.0223671444986,1
"AGG88870",-18.0223671444986,1
"AGG88871",-12.5815609400005,1
"AGG88872",-16.3435126487359,1
"AGG88873",-11.8322379138085,1
"AGG88874",-14.1313752157402,1
"AGG88876",-2.19403809803231,2
"AGG88878",-18.0223671444986,1
"AGG88879",-18.0223671444986,1
"AGG88881",-18.0223671444986,1
"AGG88882",-18.0223671444986,1
"AGG88884",-18.0223671444986,1
"AGG88886",-13.0626138716816,1
"AGG88888",-18.0223671444986,1
"AGG88891",-18.0223671444986,1
"AGG88892",-16.4578218804523,1
"AGG88894",-18.0223671444986,1
"AGG88897",4.67903103411198,2
"AGG88903",-14.7789673846896,1
"AGG88911",-17.4280485251995,1
"AGG88913",-18.0223671444986,1
"AGG88914",-18.0223671444986,1
"AGG88918",-18.0223671444986,1
"AGG88919",-18.0223671444986,1
"AGG88920",-8.65979171005428,1
"AGG88930",-10.7873445902557,1
"AGG88933",-13.0557999061614,1
"AGG88938",4.47083397551015,2
"AGG88941",2.61804340929787,2
"AGG88944",2.97833857014498,2
"AGG88945",4.47083397551015,2
"AGG88947",-13.0557999061614,1
"AGG88948",-13.9705898247593,1
"AGG88951",-6.61490279874304,2
"AGG88955",-14.7789673846896,1
"AGG88956",2.34175858333997,2
"AGG88957",-13.9705898247593,1
"AGG88961",-13.0557999061614,1
"AGG88962",-14.7789673846896,1
"AGG88967",-13.8628431690484,1
"AGG88969",-18.0223671444986,1
"AGG88971",-18.0223671444986,1
"AGG88972",-18.0223671444986,1
"AGG88973",-18.0223671444986,1
"AGG88975",-18.0223671444986,1
"AGG88976",-15.7232298425668,1
"AGG88980",-18.0223671444986,1
"AGG88981",-18.0223671444986,1
"AGG88985",-18.0223671444986,1
"AGG88986",-15.7232298425668,1
"AGG88988",-18.0223671444986,1
"AGG88991",-16.3435126487359,1
"AGG88993",-8.06729808205247,2
"AGG88994",-18.0223671444986,1
"AGG88995",-18.0223671444986,1
"AGG88999",-18.0223671444986,1
"AGG89000",-18.0223671444986,1
"AGG89001",-18.0223671444986,1
"AGG89002",-18.0223671444986,1
"AGG89003",-18.0223671444986,1
"AGG89005",-18.0223671444986,1
"AGG89006",-18.0223671444986,1
"AGG89007",-18.0223671444986,1
"AGG89008",-18.0223671444986,1
"AGG89009",-18.0223671444986,1
"AGG89010",-18.0223671444986,1
"AGG89014",-18.0223671444986,1
"AGG89016",-18.0223671444986,1
"AGG89017",-18.0223671444986,1
"AGG89023",-18.0223671444986,1
"AGG89025",-18.0223671444986,1
"AGG89029",-18.0223671444986,1
"AGG89035",-18.0223671444986,1
"AGG89037",-18.0223671444986,1
"AGG89038",-18.0223671444986,1
"AGG89039",-18.0223671444986,1
"AGG89040",-18.0223671444986,1
"AGG89046",-18.0223671444986,1
"AGG89049",-18.0223671444986,1
"AGG89051",-18.0223671444986,1
"AGG89052",-18.0223671444986,1
"AGG89055",-18.0223671444986,1
"AGG89057",-18.0223671444986,1
"AGG89061",-18.0223671444986,1
"AGG89062",-18.0223671444986,1
"AGG89064",-18.0223671444986,1
"AGG89066",-18.0223671444986,1
"AGG89069",-18.0223671444986,1
"AGG89070",-18.0223671444986,1
"AGG89071",-18.0223671444986,1
"AGG89072",-18.0223671444986,1
"AGG89075",-18.0223671444986,1
"AGG89076",-18.0223671444986,1
"AGG89077",-18.0223671444986,1
"AGG89078",-18.0223671444986,1
"AGG89080",-18.0223671444986,1
"AGG89081",-18.0223671444986,1
"AGG89083",-18.0223671444986,1
"AGG89084",-18.0223671444986,1
"AGG89093",-18.0223671444986,1
"AGG89094",-18.0223671444986,1
"AGG89095",-18.0223671444986,1
"AGG89096",-18.0223671444986,1
"AGG89098",-18.0223671444986,1
"AGG89099",-18.0223671444986,1
"AGG89100",-18.0223671444986,1
"AGG89101",-18.0223671444986,1
"AGG89102",-18.0223671444986,1
"AGG89104",-18.0223671444986,1
"AGG89107",-18.0223671444986,1
"AGG89108",-18.0223671444986,1
"AGG89109",-18.0223671444986,1
"AGG89110",-18.0223671444986,1
"AGG89111",-18.0223671444986,1
"AGG89112",-18.0223671444986,1
"AGG89113",-18.0223671444986,1
"AGG89115",-18.0223671444986,1
"AGG89117",-18.0223671444986,1
"AGG89118",-18.0223671444986,1
"AGG89119",-18.0223671444986,1
"AGG89120",-18.0223671444986,1
"AGG89122",-18.0223671444986,1
"AGG89123",-18.0223671444986,1
"AGG89124",-18.0223671444986,1
"AGG89126",-18.0223671444986,1
"AGG89127",-18.0223671444986,1
"AGG89129",-18.0223671444986,1
"AGG89130",-18.0223671444986,1
"AGG89131",-18.0223671444986,1
"AGG89133",-18.0223671444986,1
"AGG89134",-18.0223671444986,1
"AGG89135",-18.0223671444986,1
"AGG89137",-18.0223671444986,1
"AGG89139",-18.0223671444986,1
"AGG89140",-18.0223671444986,1
"AGG89141",-18.0223671444986,1
"AGG89145",-18.0223671444986,1
"AGG89146",-18.0223671444986,1
"AGG89147",-18.0223671444986,1
"AGG89149",-18.0223671444986,1
"AGG89150",-18.0223671444986,1
"AGG89154",-18.0223671444986,1
"AGG89155",-18.0223671444986,1
"AGG89161",-18.0223671444986,1
"AGG89162",-18.0223671444986,1
"AGG89163",-18.0223671444986,1
"AGG89165",-18.0223671444986,1
"AGG89167",-18.0223671444986,1
"AGG89168",-18.0223671444986,1
"AGG89169",-16.3435126487359,1
"AGG89172",-10.6460557261097,1
"AGG89173",-18.0223671444986,1
"AGG89175",-16.4578218804523,1
"AGG89176",-14.7789673846896,1
"AGG89177",1.39041368712956,2
"AGG89178",-18.0223671444986,1
"AGG89180",-15.4913071650625,1
"AGG89185",-18.0223671444986,1
"AGG89187",-15.7232298425668,1
"AGG89188",-18.0223671444986,1
"AGG89192",-18.0223671444986,1
"AGG89193",-18.0223671444986,1
"AGG89197",-15.7232298425668,1
"AGG89198",-18.0223671444986,1
"AGG89200",-18.0223671444986,1
"AGG89201",-18.0223671444986,1
"AGG89202",-18.0223671444986,1
"AGG89204",-18.0223671444986,1
"AGG89205",-13.8628431690484,1
"AGG89207",-18.0223671444986,1
"AGG89208",-18.0223671444986,1
"AGG89209",-18.0223671444986,1
"AGG89211",-18.0223671444986,1
"AGG89213",-18.0223671444986,1
"AGG89214",-18.0223671444986,1
"AGG89215",-18.0223671444986,1
"AGG89217",-18.0223671444986,1
"AGG89218",-15.7232298425668,1
"AGG89222",-18.0223671444986,1
"AGG89223",-18.0223671444986,1
"AGG89227",-18.0223671444986,1
"AGG89228",-15.7232298425668,1
"AGG89233",-15.4913071650625,1
"AGG89235",-18.0223671444986,1
"AGG89236",1.39041368712956,2
"AGG89237",-14.7789673846896,1
"AGG89238",-16.4578218804523,1
"AGG89240",-18.0223671444986,1
"AGG89241",-10.6460557261097,1
"AGG89245",-13.0557999061614,1
"AGG89252",3.36327065596792,2
"AGG89255",-10.0670024374885,1
"AGG89258",0.522478734036361,2
"AGG89262",-14.4078476462877,1
"AGG89264",-13.0683953646738,1
"AGG89272",-18.0223671444986,1
"AGG89274",-18.0223671444986,1
"AGG89276",-16.3435126487359,1
"AGG89279",-14.7789673846896,1
"AGG89285",-18.0223671444986,1
"AGG89289",2.68702162813178,2
"AGG89295",2.63516284995976,2
"AGG89301",-14.7789673846896,1
"AGG89304",-13.0557999061614,1
"AGG89305",-2.39387761499082,2
"AGG89309",-16.4578218804523,1
"AGG89310",-18.0223671444986,1
"AGG89311",-11.7094652381458,1
"AGG89313",-0.14547347235302,2
"AGG89325",-1.52302682844718,2
"AGG89326",-18.0223671444986,1
"AGG89327",-18.0223671444986,1
"AGG89328",-18.0223671444986,1
"AGG89329",-0.0503930619540679,2
"AGG89343",-14.7789673846896,1
"AGG89349",-14.7789673846896,1
"AGG89351",0.71922197048728,2
"AGG89352",-13.9705898247593,1
"AGG89359",4.60874400059646,2
"AGG89363",-16.4578218804523,1
"AGG89366",-14.7789673846896,1
"AGG89370",4.40403418074591,2
"AGG89372",4.47083397551015,2
"AGG89373",3.50118068105422,2
"AGG89377",-13.9705898247593,1
"AGG89380",-13.8641774660917,1
"AGG89384",0.625405070332024,2
"AGG89388",4.47083397551015,2
"AGG89394",-14.7789673846896,1
"AGG89408",0.911995371431588,2
"AGG89410",-18.0223671444986,1
"AGG89413",-14.2831834647019,1
"AGG89423",-17.1075772259007,1
"AGG89428",-18.0223671444986,1
"AGG89429",-18.0223671444986,1
"AGG89432",-18.0223671444986,1
"AGG89433",-18.0223671444986,1
"AGG89436",-18.0223671444986,1
"AGG89438",-18.0223671444986,1
"AGG89439",-18.0223671444986,1
"AGG89440",-16.8745873704195,1
"AGG89441",-18.0223671444986,1
"AGG89442",1.30952291576695,2
"AGG89451",-10.6680394002502,1
"AGG89454",-16.0000139063584,1
"AGG89456",-14.7789673846896,1
"AGG89459",-14.7789673846896,1
"AGG89465",-13.0557999061614,1
"AGG89468",-18.0223671444986,1
"AGG89470",4.12765825532494,2
"AGG89472",-6.68704318009457,2
"AGG89473",-1.36940243091859,2
"AGG89480",-16.4578218804523,1
"AGG89484",1.52759953041753,2
"AGG89493",1.19397880926088,2
"AGG89497",1.52759953041753,2
"AGG89498",-11.6895390503412,1
"AGG89500",-15.0817411342267,1
"AGG89501",-18.0223671444986,1
"AGG89503",-18.0223671444986,1
"AGG89505",-14.7789673846896,1
"AGG89508",-5.11474693148225,2
"AGG89513",-12.9254280283937,1
"AGG89517",-18.0223671444986,1
"AGG89533",-17.1075772259007,1
"AGG89538",-18.0223671444986,1
"AGG89539",-18.0223671444986,1
"AGG89550",-18.0223671444986,1
"AGG89554",-6.16240918743917,2
"AGG89560",-0.851673667352245,2
"AGG89566",-15.0048748018376,1
"AGG89569",-16.8915045864834,1
"AGG89577",-16.8915045864834,1
"AGG89578",-18.0223671444986,1
"AGG89584",-6.79197613250053,2
"AGG89586",-18.0223671444986,1
"AGG89594",-16.9542198005917,1
"AGG89597",-18.0223671444986,1
"AGG89598",-18.0223671444986,1
"AGG89604",-5.55940048696565,2
"AGG89608",-16.3435126487359,1
"AGG89610",-15.5556274203668,1
"AGG89612",-18.0223671444986,1
"AGG89613",-18.0223671444986,1
"AGG89615",-18.0223671444986,1
"AGG89620",-18.0223671444986,1
"AGG89627",-17.1201726844131,1
"AGG89630",-14.9455342686627,1
"AGG89631",-16.4578218804523,1
"AGG89632",-11.9280419260017,1
"AGG89633",-18.0223671444986,1
"AGG89635",-18.0223671444986,1
"AGG89636",-18.0223671444986,1
"AGG89639",-18.0223671444986,1
"AGG89650",-18.0223671444986,1
"AGG89654",-16.4578218804523,1
"AGG89655",-16.4578218804523,1
"AGG89658",4.12765825532494,2
"AGG89660",4.57916745077219,2
"AGG89662",-18.0223671444986,1
"AGG89671",-14.7789673846896,1
"AGG89680",3.3114118777959,2
"AGG89682",-9.03103996466554,1
"AGG89683",3.44932190288221,2
"AGG89687",-14.7789673846896,1
"AGG89688",2.20593588286026,2
"AGG89695",-2.74616355562241,2
"AGG89698",-14.8415303523188,1
"AGG89699",-18.0223671444986,1
"AGG89703",-18.0223671444986,1
"AGG89704",-14.7789673846896,1
"AGG89705",-18.0223671444986,1
"AGG89706",-18.0223671444986,1
"AGG89707",-18.0223671444986,1
"AGG89709",-18.0223671444986,1
"AGG89710",-18.0223671444986,1
"AGG89711",-18.0223671444986,1
"AGG89713",4.60874400059646,2
"AGG89715",4.59569934505996,2
"AGG89717",2.68493430352519,2
"AGG89724",-10.2969196618484,1
"AGG89725",-12.5919121183491,1
"AGG89734",-18.0223671444986,1
"AGG89735",-11.9482365866192,1
"AGG89739",-18.0223671444986,1
"AGG89742",-5.93782666295227,2
"AGG89752",-9.83331652285871,1
"AGG89753",2.63516284995976,2
"AGG89755",-2.18281710884571,2
"AGG89757",-3.18126618096682,2
"AGG89760",-18.0223671444986,1
"AGG89761",-18.0223671444986,1
"AGG89762",1.52759953041753,2
"AGG89769",-11.8931824501477,1
"AGG89772",-9.05365942525872,1
"AGG89774",-18.0223671444986,1
"AGG89777",-18.0223671444986,1
"AGG89778",-18.0223671444986,1
"AGG89779",-18.0223671444986,1
"AGG89781",-18.0223671444986,1
"AGG89782",-18.0223671444986,1
"AGG89783",-18.0223671444986,1
"AGG89797",-10.0543278259333,1
"AGG89798",-14.1006310322469,1
"AGG89807",-13.9705898247593,1
"AGG89809",-13.0557999061614,1
"AGG89816",4.60874400059646,2
"AGG89822",-18.0223671444986,1
"AGG89824",-14.7789673846896,1
"AGG89825",-11.4321777086884,1
"AGG89828",-18.0223671444986,1
"AGG89830",-18.0223671444986,1
"AGG89831",-18.0223671444986,1
"AGG89833",-16.4578218804523,1
"AGG89840",-18.0223671444986,1
"AGG89853",-18.0223671444986,1
"AGG89858",1.07061758591349,2
"AGG89866",-14.7789673846896,1
"AGG89868",-16.8745873704195,1
"AGG89872",-16.8745873704195,1
"AGG89873",-16.8745873704195,1
"AGG89874",-18.0223671444986,1
"AGG89883",-18.0223671444986,1
"AGG89884",-18.0223671444986,1
"AGG89885",-18.0223671444986,1
"AGG89895",-18.0223671444986,1
"AGG89910",-18.0223671444986,1
"AGG89914",-18.0223671444986,1
"AGG89934",-18.0223671444986,1
"AGG89937",-18.0223671444986,1
"AGG89941",-18.0223671444986,1
"AGG89942",-18.0223671444986,1
"AGG89947",-14.7789673846896,1
"AGG89951",-18.0223671444986,1
"AGG89954",-14.7789673846896,1
"AGG89957",-15.5064769842419,1
"AGG89958",-14.7789673846896,1
"AGG89959",-14.7789673846896,1
"AGG89962",-14.7789673846896,1
"AGG89966",-18.0223671444986,1
"AGG89967",-18.0223671444986,1
"AGG89969",-15.7232298425668,1
"AGG89971",-15.7232298425668,1
"AGG89973",-15.0504789329813,1
"AGG89974",-15.2421440972953,1
"AGG89977",-15.7232298425668,1
"AGG89988",-15.9927711640452,1
"AGG89994",-16.3435126487359,1
"AGG90000",-13.8767729246041,1
"AGG90002",-18.0223671444986,1
"AGG90011",-14.7789673846896,1
"AGG90013",-16.3435126487359,1
"AGG90017",1.94529249971229,2
"AGG90021",3.65667492258771,2
"AGG90032",-0.728792128127205,2
"AGG90033",-16.3435126487359,1
"AGG90045",-18.0223671444986,1
"AGG90054",0.103876505919458,2
"AGG90057",-14.7789673846896,1
"AGG90060",-14.7789673846896,1
"AGG90067",-18.0223671444986,1
"AGG90068",-14.7789673846896,1
"AGG90073",-14.7789673846896,1
"AGG90084",-13.9705898247593,1
"AGG90092",-14.7789673846896,1
"AGG90095",-18.0223671444986,1
"AGG90100",-12.3027394181771,1
"AGG90109",-18.0223671444986,1
"AGG90110",-18.0223671444986,1
"AGG90111",-18.0223671444986,1
"AGG90113",-18.0223671444986,1
"AGG90115",-18.0223671444986,1
"AGG90117",-18.0223671444986,1
"AGG90118",-18.0223671444986,1
"AGG90119",-18.0223671444986,1
"AGG90124",-18.0223671444986,1
"AGG90125",-18.0223671444986,1
"AGG90131",-18.0223671444986,1
"AGG90133",-18.0223671444986,1
"AGG90135",-18.0223671444986,1
"AGG90136",-18.0223671444986,1
"AGG90137",-18.0223671444986,1
"AGG90138",-18.0223671444986,1
"AGG90142",-18.0223671444986,1
"AGG90144",-18.0223671444986,1
"AGG90145",-18.0223671444986,1
"AGG90147",-18.0223671444986,1
"AGG90148",-18.0223671444986,1
"AGG90162",-16.4578218804523,1
"AGG90172",-16.4578218804523,1
"AGG90174",-13.7041649486192,1
"AGG90175",-4.32816892465911,2
"AGG90178",-14.3211594105957,1
"AGG90181",-18.0223671444986,1
"AGG90187",0.625405070332024,2
"AGG90188",-13.0557999061614,1
"AGG90202",4.47083397551015,2
"AGG90209",-13.0557999061614,1
"AGG90210",-13.9705898247593,1
"AGG90218",-14.7789673846896,1
"AGG90219",-18.0223671444986,1
"AGG90227",-18.0223671444986,1
"AGG90229",-18.0223671444986,1
"AGG90235",-10.8999768933713,1
"AGG90237",-13.0557999061614,1
"AGG90239",-16.4578218804523,1
"AGG90240",1.52759953041753,2
"AGG90241",-16.3435126487359,1
"AGG90242",-13.9705898247593,1
"AGG90244",-16.4578218804523,1
"AGG90245",-18.0223671444986,1
"AGG90246",-18.0223671444986,1
"AGG90247",-18.0223671444986,1
"AGG90248",-18.0223671444986,1
"AGG90249",-18.0223671444986,1
"AGG90253",-18.0223671444986,1
"AGG90254",-13.8641774660917,1
"AGG90257",-14.7789673846896,1
"AGG90259",-13.8293982875633,1
"AGG90262",-15.2349007642702,1
"AGG90263",-1.87238896264507,2
"AGG90265",-18.0223671444986,1
"AGG90267",-18.0223671444986,1
"AGG90268",-13.9705898247593,1
"AGG90271",-18.0223671444986,1
"AGG90272",-15.2359493291936,1
"AGG90276",-17.0172463481174,1
"AGG90277",-18.0223671444986,1
"AGG90279",-18.0223671444986,1
"AGG90280",-18.0223671444986,1
"AGG90281",-18.0223671444986,1
"AGG90283",-18.0223671444986,1
"AGG90284",-18.0223671444986,1
"AGG90288",-18.0223671444986,1
"AGG90291",-18.0223671444986,1
"AGG90294",-0.532357250258522,2
"AGG90296",-18.0223671444986,1
"AGG90297",-18.0223671444986,1
"AGG90299",-18.0223671444986,1
"AGG90301",1.52759953041753,2
"AGG90305",-14.7789673846896,1
"AGG90306",-14.7789673846896,1
"AGG90318",-10.8627053858635,1
"AGG90327",-18.0223671444986,1
"AGG90328",4.47083397551015,2
"AGG90330",-16.3435126487359,1
"AGG90333",2.20384855825367,2
"AGG90338",-12.1536054460759,1
"AGG90339",4.47083397551015,2
"AGG90341",-4.79531170883259,2
"AGG90344",2.34175858333997,2
"AGG90345",1.52759953041753,2
"AGG90351",-14.7624354904018,1
"AGG90360",0.459452186510593,2
"AGG90361",2.70544988347528,2
"AGG90363",-18.0223671444986,1
"AGG90368",-18.0223671444986,1
"AGG90376",-18.0223671444986,1
"AGG90377",-18.0223671444986,1
"AGG90379",-12.2504988499591,1
"AGG90380",-13.8641774660917,1
"AGG90384",-12.9128325698812,1
"AGG90391",3.50118068105422,2
"AGG90394",-16.3435126487359,1
"AGG90401",-18.0223671444986,1
"AGG90409",-13.0557999061614,1
"AGG90411",4.66249913982421,2
"AGG90415",3.98974823023863,2
"AGG90418",-13.8641774660917,1
"AGG90422",-13.0557999061614,1
"AGG90424",-5.24756371810801,2
"AGG90425",1.52759953041753,2
"AGG90429",-16.3435126487359,1
"AGG90434",-16.3435126487359,1
"AGG90443",-14.7789673846896,1
"AGG90444",4.38750228645814,2
"AGG90445",4.47083397551015,2
"AGG90446",1.52759953041753,2
"AGG90447",-15.8794173645213,1
"AGG90450",-16.9542198005917,1
"AGG90454",2.00868527568905,2
"AGG90461",-17.1201726844131,1
"AGG90464",-17.1201726844131,1
"AGG90465",-18.0223671444986,1
"AGG90467",-14.2443879784464,1
"AGG90470",-1.76011321215692,2
"AGG90472",-16.3435126487359,1
"AGG90474",-14.1688742329854,1
"AGG90477",-10.1641419800331,1
"AGG90478",-3.78970919261031,2
"AGG90479",-9.78752947682806,1
"AGG90481",-14.7789673846896,1
"AGG90483",-14.7789673846896,1
"AGG90493",-18.0223671444986,1
"AGG90494",-13.9705898247593,1
"AGG90496",-12.3774635537187,1
"AGG90501",-16.4578218804523,1
"AGG90503",-12.7576863942482,1
"AGG90504",-14.7789673846896,1
"AGG90506",-16.3435126487359,1
"AGG90507",-13.9705898247593,1
"AGG90509",-16.4578218804523,1
"AGG90512",-18.0223671444986,1
"AGG90513",-16.4578218804523,1
"AGG90515",-18.0223671444986,1
"AGG90516",-18.0223671444986,1
"AGG90520",-15.5430319618544,1
"AGG90521",-18.0223671444986,1
"AGG90522",-18.0223671444986,1
"AGG90523",-18.0223671444986,1
"AGG90524",-18.0223671444986,1
"AGG90527",-18.0223671444986,1
"AGG90529",-16.3435126487359,1
"AGG90536",-13.9705898247593,1
"AGG90537",-18.0223671444986,1
"AGG90540",-13.0175167051328,1
"AGG90545",-18.0223671444986,1
"AGG90546",3.05285581925453,2
"AGG90564",-13.0557999061614,1
"AGG90566",-3.50574023845022,2
"AGG90567",-0.379715726049145,2
"AGG90568",-18.0223671444986,1
"AGG90575",-14.7789673846896,1
"AGG90577",-11.7901699160167,1
"AGG90579",-16.4578218804523,1
"AGG90580",-13.9705898247593,1
"AGG90582",-14.7789673846896,1
"AGG90588",3.50118068105422,2
"AGG90589",2.34175858333997,2
"AGG90598",2.43410558484603,2
"AGG90602",-18.0223671444986,1
"AGG90604",-13.9705898247593,1
"AGG90605",-18.0223671444986,1
"AGG90608",-13.9705898247593,1
"AGG90622",1.52759953041753,2
"AGG90626",1.52759953041753,2
"AGG90632",-14.7789673846896,1
"AGG90634",-12.8957873886889,1
"AGG90636",-18.0223671444986,1
"AGG90638",-18.0223671444986,1
"AGG90639",-5.56032546751036,2
"AGG90641",-18.0223671444986,1
"AGG90648",-14.7789673846896,1
"AGG90650",-5.9995635440066,2
"AGG90654",1.52759953041753,2
"AGG90665",-13.9705898247593,1
"AGG90669",-5.52863683173728,2
"AGG90684",-18.0223671444986,1
"AGG90685",-2.6171776164851,2
"AGG90686",-16.3435126487359,1
"AGG90687",-10.881161490411,1
"AGG90689",-14.7789673846896,1
"AGG90692",-0.845323293558992,2
"AGG90694",-14.7789673846896,1
"AGG90695",-12.1536054460759,1
"AGG90696",-16.8745873704195,1
"AGG90697",-16.8745873704195,1
"AGG90698",-18.0223671444986,1
"AGG90699",-18.0223671444986,1
"AGG90703",-18.0223671444986,1
"AGG90715",-2.47801431538423,2
"AGG90716",-11.6895390503412,1
"AGG90722",2.34175858333997,2
"AGG90723",-18.0223671444986,1
"AGG90725",-18.0223671444986,1
"AGG90731",-14.7789673846896,1
"AGG90733",-16.3435126487359,1
"AGG90736",-16.3435126487359,1
"AGG90744",4.60874400059646,2
"AGG90750",1.38968950533122,2
"AGG90753",3.44932190288221,2
"AGG90756",-14.7789673846896,1
"AGG90757",-18.0223671444986,1
"AGG90763",-8.68261367854759,1
"AGG90764",-13.9705898247593,1
"AGG90765",-11.9044423783087,1
"AGG90766",-14.7789673846896,1
"AGG90768",0.625405070332024,2
"AGG90770",-8.85848490711408,1
"AGG90772",-16.4578218804523,1
"AGG90775",-16.4578218804523,1
"AGG90776",-2.59117032984245,2
"AGG90785",-13.0557999061614,1
"AGG90787",0.379819756338436,2
"AGG90792",4.60874400059646,2
"AGG90798",-17.1075772259007,1
"AGG90799",-16.913755260033,1
"AGG90801",-18.0223671444986,1
"AGG90803",-1.59838378154331,2
"AGG90804",-2.60350457792448,2
"AGG90810",-14.7789673846896,1
"AGG90817",-1.55887825467429,2
"AGG90822",-14.7789673846896,1
"AGG90823",-15.5351350888056,1
"AGG90830",1.52759953041753,2
"AGG90840",-18.0223671444986,1
"AGG90841",-14.7789673846896,1
"AGG90842",2.82284432861149,2
"AGG90843",-15.7232298425668,1
"AGG90844",-15.7232298425668,1
"AGG90847",-18.0223671444986,1
"AGG90852",-18.0223671444986,1
"AGG90858",-18.0223671444986,1
"AGG90859",-12.6880106825409,1
"AGG90860",-18.0223671444986,1
"AGG90866",-18.0223671444986,1
"AGG90869",-18.0223671444986,1
"AGG90870",-18.0223671444986,1
"AGG90871",-18.0223671444986,1
"AGG90872",-18.0223671444986,1
"AGG90875",-18.0223671444986,1
"AGG90876",-18.0223671444986,1
"AGG90877",-18.0223671444986,1
"AGG90880",3.04419873655019,2
"AGG90881",-14.7789673846896,1
"AGG90885",-18.0223671444986,1
"AGG90892",-1.59838378154331,2
"AGG90893",-14.7789673846896,1
"AGG90894",-13.0557999061614,1
"AGG90903",-14.7789673846896,1
"AGG90910",-10.7873445902557,1
"AGG90912",1.52759953041753,2
"AGG90918",-18.0223671444986,1
"AGG90919",2.53342374765403,2
"AGG90923",-10.4924030385447,1
"AGG90924",-18.0223671444986,1
"AGG90926",-18.0223671444986,1
"AGG90930",-18.0223671444986,1
"AGG90931",-18.0223671444986,1
"AGG90932",-18.0223671444986,1
"AGG90934",-18.0223671444986,1
"AGG90935",-18.0223671444986,1
"AGG90936",-18.0223671444986,1
"AGG90937",-17.1075772259007,1
"AGG90938",-18.0223671444986,1
"AGG90940",-18.0223671444986,1
"AGG90941",-18.0223671444986,1
"AGG90942",-18.0223671444986,1
"AGG90944",-18.0223671444986,1
"AGG90945",-18.0223671444986,1
"AGG90946",-18.0223671444986,1
"AGG90947",-18.0223671444986,1
"AGG90948",-18.0223671444986,1
"AGG90949",-18.0223671444986,1
"AGG90951",-18.0223671444986,1
"AGG90952",-18.0223671444986,1
"AGG90953",-17.0172463481174,1
"AGG90955",-18.0223671444986,1
"AGG90960",-12.1855663503381,1
"AGG90961",-16.3435126487359,1
"AGG90965",-18.0223671444986,1
"AGG90977",-18.0223671444986,1
"AGG90982",-1.07578821757159,2
"AGG90987",-13.0557999061614,1
"AGG90993",-12.241640853239,1
"AGG90997",-18.0223671444986,1
"AGG91002",-14.7789673846896,1
"AGG91007",-13.9705898247593,1
"AGG91008",-13.9705898247593,1
