"","log"
"AGG87191",-10.036333532673
"AGG87193",-10.951123451271
"AGG87194",-10.951123451271
"AGG87196",-10.036333532673
"AGG87209",-15.0029007710102
"AGG87211",-11.7277834869482
"AGG87218",-8.67007267685286
"AGG87231",-15.0029007710102
"AGG87232",-13.438355506964
"AGG87233",-13.3240462752475
"AGG87234",-7.04995450188008
"AGG87239",-10.951123451271
"AGG87241",-10.951123451271
"AGG87243",-15.0029007710102
"AGG87244",-11.8317191938676
"AGG87248",-15.0029007710102
"AGG87250",-15.0029007710102
"AGG87252",-15.0029007710102
"AGG87254",-15.0029007710102
"AGG87256",-10.951123451271
"AGG87265",-15.0029007710102
"AGG87266",-15.0029007710102
"AGG87269",-14.19452321108
"AGG87271",-15.0029007710102
"AGG87288",-15.0029007710102
"AGG87289",-15.0029007710102
"AGG87293",-15.0029007710102
"AGG87294",-15.0029007710102
"AGG87298",-15.0029007710102
"AGG87300",-15.0029007710102
"AGG87302",-10.036333532673
"AGG87303",-15.0029007710102
"AGG87305",-15.0029007710102
"AGG87317",-15.0029007710102
"AGG87319",-15.0029007710102
"AGG87320",-15.0029007710102
"AGG87321",-11.7595010112012
"AGG87322",-10.951123451271
"AGG87323",-10.951123451271
"AGG87326",-13.438355506964
"AGG87327",-13.438355506964
"AGG87328",-13.438355506964
"AGG87337",-15.0029007710102
"AGG87343",-11.7595010112012
"AGG87348",-11.7595010112012
"AGG87350",-15.0029007710102
"AGG87356",-15.0029007710102
"AGG87358",-12.6299779470337
"AGG87359",-15.0029007710102
"AGG87363",-10.8573065511157
"AGG87368",-15.0029007710102
"AGG87369",-15.0029007710102
"AGG87371",-15.0029007710102
"AGG87372",-15.0029007710102
"AGG87377",-15.0029007710102
"AGG87382",-12.7729427255763
"AGG87387",-15.0029007710102
"AGG87392",-15.0029007710102
"AGG87394",-15.0029007710102
"AGG87396",-15.0029007710102
"AGG87397",-15.0029007710102
"AGG87398",-15.0029007710102
"AGG87399",-15.0029007710102
"AGG87400",-15.0029007710102
"AGG87402",-13.9347534271033
"AGG87413",-10.951123451271
"AGG87416",-15.0029007710102
"AGG87417",-15.0029007710102
"AGG87418",-14.1007063109247
"AGG87420",-12.8891680901634
"AGG87423",-7.49994698531388
"AGG87427",-10.951123451271
"AGG87429",-15.0029007710102
"AGG87435",-15.0029007710102
"AGG87445",-10.951123451271
"AGG87447",-11.7595010112012
"AGG87448",-11.7595010112012
"AGG87450",-11.7595010112012
"AGG87461",-9.36309272623824
"AGG87464",-10.8447110926033
"AGG87467",-15.0029007710102
"AGG87476",-15.0029007710102
"AGG87490",-15.0029007710102
"AGG87491",-15.0029007710102
"AGG87500",-11.7595010112012
"AGG87519",-9.82026089325577
"AGG87520",-13.3240462752475
"AGG87524",-15.0029007710102
"AGG87525",-11.7595010112012
"AGG87526",-10.036333532673
"AGG87541",-11.7595010112012
"AGG87549",-15.0029007710102
"AGG87550",-12.8282623552598
"AGG87568",-9.7382200207598
"AGG87569",-10.036333532673
"AGG87570",-7.86169511692261
"AGG87581",-10.0489289911855
"AGG87585",-10.8447110926033
"AGG87586",-13.982570432369
"AGG87587",-15.0029007710102
"AGG87590",-15.0029007710102
"AGG87591",-15.0029007710102
"AGG87592",-15.0029007710102
"AGG87594",-15.0029007710102
"AGG87595",-15.0029007710102
"AGG87596",-15.0029007710102
"AGG87600",-13.8942888865446
"AGG87601",-15.0029007710102
"AGG87602",-15.0029007710102
"AGG87604",-13.438355506964
"AGG87606",-15.0029007710102
"AGG87607",-15.0029007710102
"AGG87612",-15.0029007710102
"AGG87619",-13.3240462752475
"AGG87624",-15.0029007710102
"AGG87626",-15.0029007710102
"AGG87635",-9.88297610736404
"AGG87638",-14.0881108524123
"AGG87642",-15.0029007710102
"AGG87651",-10.951123451271
"AGG87656",-13.9347534271033
"AGG87658",-15.0029007710102
"AGG87660",-15.0029007710102
"AGG87664",-15.0029007710102
"AGG87669",-15.0029007710102
"AGG87674",-15.0029007710102
"AGG87675",-15.0029007710102
"AGG87677",-15.0029007710102
"AGG87679",-13.438355506964
"AGG87685",-10.951123451271
"AGG87689",-15.0029007710102
"AGG87692",-11.7595010112012
"AGG87693",-13.438355506964
"AGG87694",-13.438355506964
"AGG87713",-15.0029007710102
"AGG87719",-12.5156687153172
"AGG87721",-10.951123451271
"AGG87724",-10.6508891267356
"AGG87725",-11.7595010112012
"AGG87738",-15.0029007710102
"AGG87745",-15.0029007710102
"AGG87746",-13.9977799746291
"AGG87747",-15.0029007710102
"AGG87748",-15.0029007710102
"AGG87749",-13.9977799746291
"AGG87750",-15.0029007710102
"AGG87751",-13.9977799746291
"AGG87752",-13.9977799746291
"AGG87753",-15.0029007710102
"AGG87760",-11.7595010112012
"AGG87765",-13.9347534271033
"AGG87766",-11.7595010112012
"AGG87771",-11.7595010112012
"AGG87775",-10.951123451271
"AGG87778",-15.0029007710102
"AGG87787",-13.3240462752475
"AGG87789",-8.3355775464703
"AGG87790",-15.0029007710102
"AGG87791",-15.0029007710102
"AGG87797",-8.89301620095233
"AGG87805",-9.92664826719875
"AGG87806",-15.0029007710102
"AGG87808",-15.0029007710102
"AGG87818",-10.951123451271
"AGG87827",-10.1731041338258
"AGG87831",-9.06449224936016
"AGG87835",-9.06449224936016
"AGG87843",-9.06449224936016
"AGG87859",-13.3240462752475
"AGG87860",-9.58486259545079
"AGG87861",-11.7595010112012
"AGG87862",-10.6913536672943
"AGG87864",-10.8447110926033
"AGG87868",-10.951123451271
"AGG87886",-10.951123451271
"AGG87892",-13.3240462752475
"AGG87894",-15.0029007710102
"AGG87897",-15.0029007710102
"AGG87899",-10.951123451271
"AGG87906",-15.0029007710102
"AGG87909",-7.92246203383599
"AGG87910",-15.0029007710102
"AGG87921",-10.951123451271
"AGG87936",-15.0029007710102
"AGG87953",-11.7595010112012
"AGG87954",-11.7595010112012
"AGG87956",-10.6913536672943
"AGG87961",-10.1019063896865
"AGG87968",-11.7595010112012
"AGG87972",-11.7595010112012
"AGG87980",-15.0029007710102
"AGG87989",-10.951123451271
"AGG87990",-10.036333532673
"AGG87994",-11.7595010112012
"AGG87997",-10.0431474981933
"AGG88009",-10.951123451271
"AGG88027",-11.3005056541937
"AGG88028",-15.0029007710102
"AGG88031",-15.0029007710102
"AGG88041",-10.951123451271
"AGG88048",-15.0029007710102
"AGG88055",-10.951123451271
"AGG88066",-8.77648503552054
"AGG88068",-15.0029007710102
"AGG88072",-15.0029007710102
"AGG88074",-15.0029007710102
"AGG88076",-15.0029007710102
"AGG88077",-15.0029007710102
"AGG88078",-15.0029007710102
"AGG88079",-15.0029007710102
"AGG88080",-15.0029007710102
"AGG88081",-12.6299779470337
"AGG88083",-15.0029007710102
"AGG88084",-15.0029007710102
"AGG88091",-15.0029007710102
"AGG88095",-15.0029007710102
"AGG88099",-11.7595010112012
"AGG88101",-15.0029007710102
"AGG88105",-10.951123451271
"AGG88118",-11.7595010112012
"AGG88121",-10.036333532673
"AGG88172",-9.82026089325577
"AGG88179",-8.83602556067429
"AGG88190",-10.036333532673
"AGG88200",-10.951123451271
"AGG88215",-13.438355506964
"AGG88218",-8.57866421902142
"AGG88242",-15.0029007710102
"AGG88247",-15.0029007710102
"AGG88248",-10.735025827129
"AGG88249",-10.735025827129
"AGG88259",-11.7595010112012
"AGG88267",-10.036333532673
"AGG88268",-10.3352488065746
"AGG88269",-10.036333532673
"AGG88275",-15.0029007710102
"AGG88278",-15.0029007710102
"AGG88281",-15.0029007710102
"AGG88283",-13.9977799746291
"AGG88285",-11.7595010112012
"AGG88286",-10.951123451271
"AGG88293",-10.951123451271
"AGG88306",-11.7595010112012
"AGG88317",-9.58486259545079
"AGG88318",-13.438355506964
"AGG88327",-15.0029007710102
"AGG88353",-15.0029007710102
"AGG88373",-11.7595010112012
"AGG88384",-8.67007267685286
"AGG88399",-15.0029007710102
"AGG88402",-14.0881108524123
"AGG88404",-14.0881108524123
"AGG88407",-13.438355506964
"AGG88408",-13.982570432369
"AGG88410",-15.0029007710102
"AGG88411",-15.0029007710102
"AGG88412",-15.0029007710102
"AGG88413",-10.036333532673
"AGG88423",-7.49994698531388
"AGG88429",-11.7595010112012
"AGG88438",-15.0029007710102
"AGG88439",-15.0029007710102
"AGG88441",-15.0029007710102
"AGG88445",-13.3240462752475
"AGG88446",-13.3240462752475
"AGG88447",-8.83186077771247
"AGG88450",-15.0029007710102
"AGG88451",-15.0029007710102
"AGG88456",-11.7595010112012
"AGG88467",-15.0029007710102
"AGG88469",-13.3240462752475
"AGG88470",-11.7595010112012
"AGG88473",-13.3240462752475
"AGG88482",-8.78301333855065
"AGG88488",-11.7595010112012
"AGG88491",-13.3240462752475
"AGG88511",-11.6008787967193
"AGG88513",-13.438355506964
"AGG88524",-15.0029007710102
"AGG88531",-12.5361610468785
"AGG88535",-15.0029007710102
"AGG88538",-13.3240462752475
"AGG88550",-11.5086317860654
"AGG88553",-11.7595010112012
"AGG88555",-15.0029007710102
"AGG88558",-7.95597560880484
"AGG88560",-12.8282623552598
"AGG88567",-12.5156687153172
"AGG88575",-8.67007267685286
"AGG88603",-15.0029007710102
"AGG88626",-13.438355506964
"AGG88651",-11.7595010112012
"AGG88655",-13.438355506964
"AGG88658",-15.0029007710102
"AGG88668",-11.7595010112012
"AGG88681",-10.951123451271
"AGG88694",-15.0029007710102
"AGG88708",-15.0029007710102
"AGG88713",-13.7134374658085
"AGG88715",-15.0029007710102
"AGG88716",-15.0029007710102
"AGG88721",-13.3240462752475
"AGG88730",-8.99054397615169
"AGG88760",-15.0029007710102
"AGG88761",-15.0029007710102
"AGG88763",-15.0029007710102
"AGG88764",-15.0029007710102
"AGG88765",-15.0029007710102
"AGG88767",-15.0029007710102
"AGG88772",-11.7595010112012
"AGG88774",-11.7595010112012
"AGG88776",-15.0029007710102
"AGG88778",-15.0029007710102
"AGG88779",-15.0029007710102
"AGG88780",-15.0029007710102
"AGG88782",-15.0029007710102
"AGG88783",-15.0029007710102
"AGG88784",-15.0029007710102
"AGG88785",-15.0029007710102
"AGG88786",-15.0029007710102
"AGG88787",-15.0029007710102
"AGG88788",-15.0029007710102
"AGG88789",-15.0029007710102
"AGG88790",-15.0029007710102
"AGG88791",-15.0029007710102
"AGG88792",-15.0029007710102
"AGG88793",-15.0029007710102
"AGG88794",-15.0029007710102
"AGG88800",-13.3240462752475
"AGG88806",-9.88297610736404
"AGG88808",-13.9384526859832
"AGG88814",-13.3240462752475
"AGG88815",-15.0029007710102
"AGG88817",-15.0029007710102
"AGG88819",-15.0029007710102
"AGG88821",-15.0029007710102
"AGG88824",-15.0029007710102
"AGG88828",-15.0029007710102
"AGG88835",-15.0029007710102
"AGG88836",-15.0029007710102
"AGG88837",-14.1007063109247
"AGG88838",-15.0029007710102
"AGG88839",-15.0029007710102
"AGG88840",-13.8551209969311
"AGG88841",-15.0029007710102
"AGG88843",-15.0029007710102
"AGG88844",-13.3240462752475
"AGG88846",-15.0029007710102
"AGG88848",-15.0029007710102
"AGG88849",-13.3240462752475
"AGG88850",-12.4092563566496
"AGG88851",-8.83186077771247
"AGG88852",-13.3240462752475
"AGG88853",-15.0029007710102
"AGG88855",-13.872038212995
"AGG88856",-13.872038212995
"AGG88859",-15.0029007710102
"AGG88860",-14.0881108524123
"AGG88861",-7.95597560880484
"AGG88862",-13.8551209969311
"AGG88865",-15.0029007710102
"AGG88866",-15.0029007710102
"AGG88870",-15.0029007710102
"AGG88871",-10.7134520943648
"AGG88872",-13.3240462752475
"AGG88873",-9.96412906817276
"AGG88874",-11.1119088422519
"AGG88878",-15.0029007710102
"AGG88879",-15.0029007710102
"AGG88881",-15.0029007710102
"AGG88882",-15.0029007710102
"AGG88884",-15.0029007710102
"AGG88886",-10.0431474981933
"AGG88888",-15.0029007710102
"AGG88891",-15.0029007710102
"AGG88892",-13.438355506964
"AGG88894",-15.0029007710102
"AGG88903",-11.7595010112012
"AGG88911",-14.4085821517111
"AGG88913",-15.0029007710102
"AGG88914",-15.0029007710102
"AGG88918",-15.0029007710102
"AGG88919",-15.0029007710102
"AGG88930",-7.76787821676736
"AGG88933",-10.036333532673
"AGG88947",-10.036333532673
"AGG88948",-10.951123451271
"AGG88955",-11.7595010112012
"AGG88957",-10.951123451271
"AGG88961",-10.036333532673
"AGG88962",-11.7595010112012
"AGG88967",-10.8433767955601
"AGG88969",-15.0029007710102
"AGG88971",-15.0029007710102
"AGG88972",-15.0029007710102
"AGG88973",-15.0029007710102
"AGG88975",-15.0029007710102
"AGG88976",-13.8551209969311
"AGG88980",-15.0029007710102
"AGG88981",-15.0029007710102
"AGG88985",-15.0029007710102
"AGG88986",-13.8551209969311
"AGG88988",-15.0029007710102
"AGG88991",-13.3240462752475
"AGG88993",-7.07397904084493
"AGG88994",-15.0029007710102
"AGG88995",-15.0029007710102
"AGG88999",-15.0029007710102
"AGG89000",-15.0029007710102
"AGG89001",-15.0029007710102
"AGG89002",-15.0029007710102
"AGG89003",-15.0029007710102
"AGG89005",-15.0029007710102
"AGG89006",-15.0029007710102
"AGG89007",-15.0029007710102
"AGG89008",-15.0029007710102
"AGG89009",-15.0029007710102
"AGG89010",-15.0029007710102
"AGG89014",-15.0029007710102
"AGG89016",-15.0029007710102
"AGG89017",-15.0029007710102
"AGG89023",-15.0029007710102
"AGG89025",-15.0029007710102
"AGG89029",-15.0029007710102
"AGG89035",-15.0029007710102
"AGG89037",-15.0029007710102
"AGG89038",-15.0029007710102
"AGG89039",-15.0029007710102
"AGG89040",-15.0029007710102
"AGG89046",-15.0029007710102
"AGG89049",-15.0029007710102
"AGG89051",-15.0029007710102
"AGG89052",-15.0029007710102
"AGG89055",-15.0029007710102
"AGG89057",-15.0029007710102
"AGG89061",-15.0029007710102
"AGG89062",-15.0029007710102
"AGG89064",-15.0029007710102
"AGG89066",-15.0029007710102
"AGG89069",-15.0029007710102
"AGG89070",-15.0029007710102
"AGG89071",-15.0029007710102
"AGG89072",-15.0029007710102
"AGG89075",-15.0029007710102
"AGG89076",-15.0029007710102
"AGG89077",-15.0029007710102
"AGG89078",-15.0029007710102
"AGG89080",-15.0029007710102
"AGG89081",-15.0029007710102
"AGG89083",-15.0029007710102
"AGG89084",-15.0029007710102
"AGG89093",-15.0029007710102
"AGG89094",-15.0029007710102
"AGG89095",-15.0029007710102
"AGG89096",-15.0029007710102
"AGG89098",-15.0029007710102
"AGG89099",-15.0029007710102
"AGG89100",-15.0029007710102
"AGG89101",-15.0029007710102
"AGG89102",-15.0029007710102
"AGG89104",-15.0029007710102
"AGG89107",-15.0029007710102
"AGG89108",-15.0029007710102
"AGG89109",-15.0029007710102
"AGG89110",-15.0029007710102
"AGG89111",-15.0029007710102
"AGG89112",-15.0029007710102
"AGG89113",-15.0029007710102
"AGG89115",-15.0029007710102
"AGG89117",-15.0029007710102
"AGG89118",-15.0029007710102
"AGG89119",-15.0029007710102
"AGG89120",-15.0029007710102
"AGG89122",-15.0029007710102
"AGG89123",-15.0029007710102
"AGG89124",-15.0029007710102
"AGG89126",-15.0029007710102
"AGG89127",-15.0029007710102
"AGG89129",-15.0029007710102
"AGG89130",-15.0029007710102
"AGG89131",-15.0029007710102
"AGG89133",-15.0029007710102
"AGG89134",-15.0029007710102
"AGG89135",-15.0029007710102
"AGG89137",-15.0029007710102
"AGG89139",-15.0029007710102
"AGG89140",-15.0029007710102
"AGG89141",-15.0029007710102
"AGG89145",-15.0029007710102
"AGG89146",-15.0029007710102
"AGG89147",-15.0029007710102
"AGG89149",-15.0029007710102
"AGG89150",-15.0029007710102
"AGG89154",-15.0029007710102
"AGG89155",-15.0029007710102
"AGG89161",-15.0029007710102
"AGG89162",-15.0029007710102
"AGG89163",-15.0029007710102
"AGG89165",-15.0029007710102
"AGG89167",-15.0029007710102
"AGG89168",-15.0029007710102
"AGG89169",-13.3240462752475
"AGG89172",-8.77794688047405
"AGG89173",-15.0029007710102
"AGG89175",-13.438355506964
"AGG89176",-11.7595010112012
"AGG89178",-15.0029007710102
"AGG89180",-11.9649959241042
"AGG89185",-15.0029007710102
"AGG89187",-13.8551209969311
"AGG89188",-15.0029007710102
"AGG89192",-15.0029007710102
"AGG89193",-15.0029007710102
"AGG89197",-13.8551209969311
"AGG89198",-15.0029007710102
"AGG89200",-15.0029007710102
"AGG89201",-15.0029007710102
"AGG89202",-15.0029007710102
"AGG89204",-15.0029007710102
"AGG89205",-10.8433767955601
"AGG89207",-15.0029007710102
"AGG89208",-15.0029007710102
"AGG89209",-15.0029007710102
"AGG89211",-15.0029007710102
"AGG89213",-15.0029007710102
"AGG89214",-15.0029007710102
"AGG89215",-15.0029007710102
"AGG89217",-15.0029007710102
"AGG89218",-13.8551209969311
"AGG89222",-15.0029007710102
"AGG89223",-15.0029007710102
"AGG89227",-15.0029007710102
"AGG89228",-13.8551209969311
"AGG89233",-11.9649959241042
"AGG89235",-15.0029007710102
"AGG89237",-11.7595010112012
"AGG89238",-13.438355506964
"AGG89240",-15.0029007710102
"AGG89241",-8.77794688047405
"AGG89245",-10.036333532673
"AGG89255",-7.04753606400017
"AGG89262",-11.3883812727994
"AGG89264",-10.0489289911855
"AGG89272",-15.0029007710102
"AGG89274",-15.0029007710102
"AGG89276",-13.3240462752475
"AGG89279",-11.7595010112012
"AGG89285",-15.0029007710102
"AGG89301",-11.7595010112012
"AGG89304",-10.036333532673
"AGG89309",-13.438355506964
"AGG89310",-15.0029007710102
"AGG89311",-9.20324356490059
"AGG89326",-15.0029007710102
"AGG89327",-15.0029007710102
"AGG89328",-15.0029007710102
"AGG89343",-11.7595010112012
"AGG89349",-11.7595010112012
"AGG89352",-10.951123451271
"AGG89363",-13.438355506964
"AGG89366",-11.7595010112012
"AGG89377",-10.951123451271
"AGG89380",-10.8447110926033
"AGG89394",-11.7595010112012
"AGG89410",-15.0029007710102
"AGG89413",-11.2637170912135
"AGG89423",-14.0881108524123
"AGG89428",-15.0029007710102
"AGG89429",-15.0029007710102
"AGG89432",-15.0029007710102
"AGG89433",-15.0029007710102
"AGG89436",-15.0029007710102
"AGG89438",-15.0029007710102
"AGG89439",-15.0029007710102
"AGG89440",-13.8551209969311
"AGG89441",-15.0029007710102
"AGG89451",-8.79993055461454
"AGG89454",-13.4937922331132
"AGG89456",-11.7595010112012
"AGG89459",-11.7595010112012
"AGG89465",-10.036333532673
"AGG89468",-15.0029007710102
"AGG89480",-13.438355506964
"AGG89498",-8.67007267685286
"AGG89500",-11.5554298932684
"AGG89501",-15.0029007710102
"AGG89503",-15.0029007710102
"AGG89505",-11.7595010112012
"AGG89513",-10.8573065511157
"AGG89517",-15.0029007710102
"AGG89533",-14.0881108524123
"AGG89538",-15.0029007710102
"AGG89539",-15.0029007710102
"AGG89550",-15.0029007710102
"AGG89566",-14.0881108524123
"AGG89569",-13.872038212995
"AGG89577",-13.872038212995
"AGG89578",-15.0029007710102
"AGG89586",-15.0029007710102
"AGG89594",-13.9347534271033
"AGG89597",-15.0029007710102
"AGG89598",-15.0029007710102
"AGG89608",-13.3240462752475
"AGG89610",-12.5361610468785
"AGG89612",-15.0029007710102
"AGG89613",-15.0029007710102
"AGG89615",-15.0029007710102
"AGG89620",-15.0029007710102
"AGG89627",-14.1007063109247
"AGG89630",-11.9260678951743
"AGG89631",-13.438355506964
"AGG89632",-11.0112779765764
"AGG89633",-15.0029007710102
"AGG89635",-15.0029007710102
"AGG89636",-15.0029007710102
"AGG89639",-15.0029007710102
"AGG89650",-15.0029007710102
"AGG89654",-13.438355506964
"AGG89655",-13.438355506964
"AGG89662",-15.0029007710102
"AGG89671",-11.7595010112012
"AGG89682",-8.11427601524025
"AGG89687",-11.7595010112012
"AGG89698",-11.3152191113605
"AGG89699",-15.0029007710102
"AGG89703",-15.0029007710102
"AGG89704",-11.7595010112012
"AGG89705",-15.0029007710102
"AGG89706",-15.0029007710102
"AGG89707",-15.0029007710102
"AGG89709",-15.0029007710102
"AGG89710",-15.0029007710102
"AGG89711",-15.0029007710102
"AGG89724",-8.42881081621268
"AGG89725",-9.57244574486079
"AGG89734",-15.0029007710102
"AGG89735",-9.44201491337395
"AGG89739",-15.0029007710102
"AGG89760",-15.0029007710102
"AGG89761",-15.0029007710102
"AGG89769",-10.025073604512
"AGG89772",-7.6638743004235
"AGG89774",-15.0029007710102
"AGG89777",-15.0029007710102
"AGG89778",-15.0029007710102
"AGG89779",-15.0029007710102
"AGG89781",-15.0029007710102
"AGG89782",-15.0029007710102
"AGG89783",-15.0029007710102
"AGG89797",-8.10966388851532
"AGG89798",-11.7595010112012
"AGG89807",-10.951123451271
"AGG89809",-10.036333532673
"AGG89822",-15.0029007710102
"AGG89824",-11.7595010112012
"AGG89825",-8.41271133519999
"AGG89828",-15.0029007710102
"AGG89830",-15.0029007710102
"AGG89831",-15.0029007710102
"AGG89833",-13.438355506964
"AGG89840",-15.0029007710102
"AGG89853",-15.0029007710102
"AGG89866",-11.7595010112012
"AGG89868",-13.8551209969311
"AGG89872",-13.8551209969311
"AGG89873",-13.8551209969311
"AGG89874",-15.0029007710102
"AGG89883",-15.0029007710102
"AGG89884",-15.0029007710102
"AGG89885",-15.0029007710102
"AGG89895",-15.0029007710102
"AGG89910",-15.0029007710102
"AGG89914",-15.0029007710102
"AGG89934",-15.0029007710102
"AGG89937",-15.0029007710102
"AGG89941",-15.0029007710102
"AGG89942",-15.0029007710102
"AGG89947",-11.7595010112012
"AGG89951",-15.0029007710102
"AGG89954",-11.7595010112012
"AGG89957",-13.438355506964
"AGG89958",-11.7595010112012
"AGG89959",-11.7595010112012
"AGG89962",-11.7595010112012
"AGG89966",-15.0029007710102
"AGG89967",-15.0029007710102
"AGG89969",-13.8551209969311
"AGG89971",-13.3482761294612
"AGG89973",-12.7714606037629
"AGG89974",-12.8671903841897
"AGG89977",-13.8551209969311
"AGG89988",-12.9733047905568
"AGG89994",-13.3240462752475
"AGG90000",-10.8573065511157
"AGG90002",-15.0029007710102
"AGG90011",-11.7595010112012
"AGG90013",-13.3240462752475
"AGG90033",-13.3240462752475
"AGG90045",-15.0029007710102
"AGG90057",-11.7595010112012
"AGG90060",-11.7595010112012
"AGG90067",-15.0029007710102
"AGG90068",-11.7595010112012
"AGG90073",-11.7595010112012
"AGG90084",-10.951123451271
"AGG90092",-11.7595010112012
"AGG90095",-15.0029007710102
"AGG90100",-10.2346179408991
"AGG90109",-15.0029007710102
"AGG90110",-15.0029007710102
"AGG90111",-15.0029007710102
"AGG90113",-15.0029007710102
"AGG90115",-15.0029007710102
"AGG90117",-15.0029007710102
"AGG90118",-15.0029007710102
"AGG90119",-15.0029007710102
"AGG90124",-15.0029007710102
"AGG90125",-15.0029007710102
"AGG90131",-15.0029007710102
"AGG90133",-15.0029007710102
"AGG90135",-15.0029007710102
"AGG90136",-15.0029007710102
"AGG90137",-15.0029007710102
"AGG90138",-15.0029007710102
"AGG90142",-15.0029007710102
"AGG90144",-15.0029007710102
"AGG90145",-15.0029007710102
"AGG90147",-15.0029007710102
"AGG90148",-15.0029007710102
"AGG90162",-13.438355506964
"AGG90172",-13.438355506964
"AGG90174",-11.7595010112012
"AGG90178",-11.8149377373505
"AGG90181",-15.0029007710102
"AGG90188",-10.036333532673
"AGG90209",-10.036333532673
"AGG90210",-10.951123451271
"AGG90218",-11.7595010112012
"AGG90219",-15.0029007710102
"AGG90227",-15.0029007710102
"AGG90229",-15.0029007710102
"AGG90235",-8.83185541609331
"AGG90237",-10.036333532673
"AGG90239",-13.438355506964
"AGG90241",-13.3240462752475
"AGG90242",-10.951123451271
"AGG90244",-13.438355506964
"AGG90245",-15.0029007710102
"AGG90246",-15.0029007710102
"AGG90247",-15.0029007710102
"AGG90248",-15.0029007710102
"AGG90249",-15.0029007710102
"AGG90253",-15.0029007710102
"AGG90254",-10.8447110926033
"AGG90257",-11.7595010112012
"AGG90259",-11.9612894419276
"AGG90262",-12.2154343907819
"AGG90265",-15.0029007710102
"AGG90267",-15.0029007710102
"AGG90268",-10.951123451271
"AGG90271",-15.0029007710102
"AGG90272",-12.7297276559484
"AGG90276",-13.9977799746291
"AGG90277",-15.0029007710102
"AGG90279",-15.0029007710102
"AGG90280",-15.0029007710102
"AGG90281",-15.0029007710102
"AGG90283",-15.0029007710102
"AGG90284",-15.0029007710102
"AGG90288",-15.0029007710102
"AGG90291",-15.0029007710102
"AGG90296",-15.0029007710102
"AGG90297",-15.0029007710102
"AGG90299",-15.0029007710102
"AGG90305",-11.7595010112012
"AGG90306",-11.7595010112012
"AGG90318",-8.91804144844557
"AGG90327",-15.0029007710102
"AGG90330",-13.3240462752475
"AGG90338",-9.13413907258754
"AGG90351",-11.7429691169135
"AGG90363",-15.0029007710102
"AGG90368",-15.0029007710102
"AGG90376",-15.0029007710102
"AGG90377",-15.0029007710102
"AGG90379",-10.1823773726811
"AGG90380",-10.8447110926033
"AGG90384",-10.8447110926033
"AGG90394",-13.3240462752475
"AGG90401",-15.0029007710102
"AGG90409",-10.036333532673
"AGG90418",-10.8447110926033
"AGG90422",-10.036333532673
"AGG90429",-13.3240462752475
"AGG90434",-13.3240462752475
"AGG90443",-11.7595010112012
"AGG90447",-13.9347534271033
"AGG90450",-13.9347534271033
"AGG90461",-14.1007063109247
"AGG90464",-14.1007063109247
"AGG90465",-15.0029007710102
"AGG90467",-12.1762665011684
"AGG90472",-13.3240462752475
"AGG90474",-11.1494078594971
"AGG90477",-8.09602050275512
"AGG90479",-8.87076552740277
"AGG90481",-11.7595010112012
"AGG90483",-11.7595010112012
"AGG90493",-15.0029007710102
"AGG90494",-10.951123451271
"AGG90496",-10.036333532673
"AGG90501",-13.438355506964
"AGG90503",-9.7382200207598
"AGG90504",-11.7595010112012
"AGG90506",-13.3240462752475
"AGG90507",-10.951123451271
"AGG90509",-13.438355506964
"AGG90512",-15.0029007710102
"AGG90513",-13.438355506964
"AGG90515",-15.0029007710102
"AGG90516",-15.0029007710102
"AGG90520",-12.523565588366
"AGG90521",-15.0029007710102
"AGG90522",-15.0029007710102
"AGG90523",-15.0029007710102
"AGG90524",-15.0029007710102
"AGG90527",-15.0029007710102
"AGG90529",-13.3240462752475
"AGG90536",-10.951123451271
"AGG90537",-15.0029007710102
"AGG90540",-11.1494078594971
"AGG90545",-15.0029007710102
"AGG90564",-10.036333532673
"AGG90568",-15.0029007710102
"AGG90575",-11.7595010112012
"AGG90577",-8.77070354252835
"AGG90579",-13.438355506964
"AGG90580",-10.951123451271
"AGG90582",-11.7595010112012
"AGG90602",-15.0029007710102
"AGG90604",-10.951123451271
"AGG90605",-15.0029007710102
"AGG90608",-10.951123451271
"AGG90632",-11.7595010112012
"AGG90634",-10.951123451271
"AGG90636",-15.0029007710102
"AGG90638",-15.0029007710102
"AGG90641",-15.0029007710102
"AGG90648",-11.7595010112012
"AGG90665",-10.951123451271
"AGG90684",-15.0029007710102
"AGG90686",-13.3240462752475
"AGG90687",-7.86169511692261
"AGG90689",-11.7595010112012
"AGG90694",-11.7595010112012
"AGG90695",-9.13413907258754
"AGG90696",-13.8551209969311
"AGG90697",-13.8551209969311
"AGG90698",-15.0029007710102
"AGG90699",-15.0029007710102
"AGG90703",-15.0029007710102
"AGG90716",-8.67007267685286
"AGG90723",-15.0029007710102
"AGG90725",-15.0029007710102
"AGG90731",-11.7595010112012
"AGG90733",-13.3240462752475
"AGG90736",-13.3240462752475
"AGG90756",-11.7595010112012
"AGG90757",-15.0029007710102
"AGG90763",-7.68929463734005
"AGG90764",-10.951123451271
"AGG90765",-10.036333532673
"AGG90766",-11.7595010112012
"AGG90772",-13.438355506964
"AGG90775",-13.438355506964
"AGG90785",-10.036333532673
"AGG90798",-14.0881108524123
"AGG90799",-13.8942888865446
"AGG90801",-15.0029007710102
"AGG90810",-11.7595010112012
"AGG90822",-11.7595010112012
"AGG90823",-12.5156687153172
"AGG90840",-15.0029007710102
"AGG90841",-11.7595010112012
"AGG90843",-13.8551209969311
"AGG90844",-13.8551209969311
"AGG90847",-15.0029007710102
"AGG90852",-15.0029007710102
"AGG90858",-15.0029007710102
"AGG90859",-10.7433467451229
"AGG90860",-15.0029007710102
"AGG90866",-15.0029007710102
"AGG90869",-15.0029007710102
"AGG90870",-15.0029007710102
"AGG90871",-15.0029007710102
"AGG90872",-15.0029007710102
"AGG90875",-15.0029007710102
"AGG90876",-15.0029007710102
"AGG90877",-15.0029007710102
"AGG90881",-11.7595010112012
"AGG90885",-15.0029007710102
"AGG90893",-11.7595010112012
"AGG90894",-10.036333532673
"AGG90903",-11.7595010112012
"AGG90910",-7.76787821676736
"AGG90918",-15.0029007710102
"AGG90923",-8.42428156126672
"AGG90924",-15.0029007710102
"AGG90926",-15.0029007710102
"AGG90930",-15.0029007710102
"AGG90931",-15.0029007710102
"AGG90932",-15.0029007710102
"AGG90934",-15.0029007710102
"AGG90935",-15.0029007710102
"AGG90936",-15.0029007710102
"AGG90937",-14.0881108524123
"AGG90938",-15.0029007710102
"AGG90940",-15.0029007710102
"AGG90941",-15.0029007710102
"AGG90942",-15.0029007710102
"AGG90944",-15.0029007710102
"AGG90945",-15.0029007710102
"AGG90946",-15.0029007710102
"AGG90947",-15.0029007710102
"AGG90948",-15.0029007710102
"AGG90949",-15.0029007710102
"AGG90951",-15.0029007710102
"AGG90952",-15.0029007710102
"AGG90953",-13.9977799746291
"AGG90955",-15.0029007710102
"AGG90960",-8.75519049326703
"AGG90961",-13.3240462752475
"AGG90965",-15.0029007710102
"AGG90977",-15.0029007710102
"AGG90987",-10.036333532673
"AGG90993",-9.2221744797506
"AGG90997",-15.0029007710102
"AGG91002",-11.7595010112012
"AGG91007",-10.951123451271
"AGG91008",-10.951123451271
